{"cameraMode":{"drawMode":0,"name":"Shaded","section":"Shading Mode"},"sceneLighting":true,"audioPlay":false,"sceneViewState":{"m_AlwaysRefresh":false,"showFog":true,"showSkybox":true,"showFlares":true,"showImageEffects":true,"showParticleSystems":true,"showVisualEffectGraphs":true,"m_FxEnabled":true},"in2DMode":false,"pivot":{"x":0.25611019134521487,"y":0.8519859313964844,"z":-0.7987165451049805},"rotation":{"x":-0.07504373043775559,"y":0.9112291932106018,"z":-0.1916601061820984,"w":-0.3567904233932495},"size":10.449999809265137,"orthographic":false}