{"cameraMode":{"drawMode":0,"name":"Shaded","section":"Shading Mode"},"sceneLighting":true,"audioPlay":false,"sceneViewState":{"m_AlwaysRefresh":false,"showFog":true,"showSkybox":true,"showFlares":true,"showImageEffects":true,"showParticleSystems":true,"showVisualEffectGraphs":true,"m_FxEnabled":true},"in2DMode":false,"pivot":{"x":275.0124816894531,"y":316.78070068359377,"z":129.81407165527345},"rotation":{"x":0.08286302536725998,"y":0.008732345886528492,"z":-0.0010894547449424863,"w":0.9965366125106812},"size":802.0805053710938,"orthographic":false}