{"cameraMode":{"drawMode":0,"name":"Shaded","section":"Shading Mode"},"sceneLighting":true,"audioPlay":false,"sceneViewState":{"m_AlwaysRefresh":false,"showFog":true,"showSkybox":true,"showFlares":true,"showImageEffects":true,"showParticleSystems":true,"showVisualEffectGraphs":true,"m_FxEnabled":true},"in2DMode":false,"pivot":{"x":28.222749710083009,"y":-1.9480643272399903,"z":38.88008499145508},"rotation":{"x":-0.04060578718781471,"y":0.9391070604324341,"z":-0.11925394833087921,"w":-0.31977829337120058},"size":17.652162551879884,"orthographic":false}